accuracy,precision,recall,macro f1,micro f1
0.15833333333333333,0.15833333333333333,0.15833333333333333,0.15833333333333335,0.15833333333333333
